trail,projectile,sprite,minLength,fadeIn,duration,fadeOut,sizeIn,sizeOut,colorIn,colorOut,opacity,textLength,textScroll,randomTextureOffset,distance,dispersion,drift,frameOffsetMult,fadeOnFadeOut,angleAdjustment,additive,velocityIn,velocityOut,randomVelocity,angle,rotationIn,rotationOut,randomRotation,renderBelowExplosions
,,,,,,,,,,,,,,,,,,,,,,,,,,,,,
#String trail: projectile ID plus a suffix if there are multiple trails for that proj,,,,,,,,,,,,,,,,,,,,,,,,,,,,,
#String projectile: projectile ID,,,,,,,,,,,,,,,,,,,,,,,,,,,,,
#String sprite: sprite ID in data\config\settings.json: in the graphics\fx category,,,,,,,,,,,,,,,,,,,,,,,,,,,,,
#float minLength: minimal segment length. Saves performances especially when time warp in involved,,,,,,,,,,,,,,,,,,,,,,,,,,,,,
#   !!!! Can be set to a negative value to triggers a more optimized SLOW MODE for projectiles with speeds below 500. !!!!,,,,,,,,,,,,,,,,,,,,,,,,,,,,,
#float fadeIn: fade in time in seconds,,,,,,,,,,,,,,,,,,,,,,,,,,,,,
#float duration: full opacity duration in seconds,,,,,,,,,,,,,,,,,,,,,,,,,,,,,
#float fadeOut: fadeout time in seconds,,,,,,,,,,,,,,,,,,,,,,,,,,,,,
#float sizeIn: initial width,,,,,,,,,,,,,,,,,,,,,,,,,,,,,
#float sizeOut: final width,,,,,,,,,,,,,,,,,,,,,,,,,,,,,
#Color colorIn: initial color,,,,,,,,,,,,,,,,,,,,,,,,,,,,,
#Color colorOut: final color,,,,,,,,,,,,,,,,,,,,,,,,,,,,,
#float opacity: maximum opacity clamp,,,,,,,,,,,,,,,,,,,,,,,,,,,,,
#float textLength: texture length in pixels,,,,,,,,,,,,,,,,,,,,,,,,,,,,,
#float textScroll: texture scroll speed in pixels per seconds,,,,,,,,,,,,,,,,,,,,,,,,,,,,,
#boolean randomTextureOffset: does the trail always start from the base of the texture,,,,,,,,,,,,,,,,,,,,,,,,,,,,,
#float distance: distance behind the proj the trail spawns,,,,,,,,,,,,,,,,,,,,,,,,,,,,,
#float dispersion: amount of randomization per second in su,,,,,,,,,,,,,,,,,,,,,,,,,,,,,
#float drift: amount of sideway motion inherited from the ship is applied to the trail,,,,,,,,,,,,,,,,,,,,,,,,,,,,,
#float frameOffsetMult: fixes some small offset between the proj and the trail that can occur with some combination of inherited lateral motion, distance and drift,,,,,,,,,,,,,,,,,,,,,,,,,,,,
#boolean fadeOnFadeOut: forced fadeout if the proj fades,,,,,,,,,,,,,,,,,,,,,,,,,,,,,
#boolean angleAdjustment reorient the projectile in the direction of the velocity rather than the proj facing. To be used with drift<1 so that both te trail and proj have the same orientation,,,,,,,,,,,,,,,,,,,,,,,,,,,,,
#   !!!! Must be FALSE for BALLISTIC_AS_BEAM projs !!!!,,,,,,,,,,,,,,,,,,,,,,,,,,,,,
#boolean additive: normal or additive blending,,,,,,,,,,,,,,,,,,,,,,,,,,,,,
#float velocityIn: speed at which the trail segments are emited at in su,,,,,,,,,,,,,,,,,,,,,,,,,,,,,
#float velocityOut: final speed of the trail segments,,,,,,,,,,,,,,,,,,,,,,,,,,,,,
#float randomVelocity: randomize both velocityIn and out in that proportion.,,,,,,,,,,,,,,,,,,,,,,,,,,,,,
#float angle: offset angle of the trail relative to the projectile orientation after corrections if any (default 0 for directly backward),,,,,,,,,,,,,,,,,,,,,,,,,,,,,
#float rotationIn: initial angular momentum of the trail segments relative to the projectile,,,,,,,,,,,,,,,,,,,,,,,,,,,,,
#float rotationOut: final angular momentum of the trail segments,,,,,,,,,,,,,,,,,,,,,,,,,,,,,
#boolean randomRotation: randomize the angular momentums. ,,,,,,,,,,,,,,,,,,,,,,,,,,,,,
#   Can be used to create non-linear dispersion effects when used with various velocities and angular momentums,,,,,,,,,,,,,,,,,,,,,,,,,,,,,
#boolean renderBelowExplosions: render the trail under explosions and other particle effects. Mostly used with non additive trails,,,,,,,,,,,,,,,,,,,,,,,,,,,,,
#float frameOffsetMult: scales the per-frame velocity offset (only necessary for overkill levels of control with default x1 multiplier).,,,,,,,,,,,,,,,,,,,,,,,,,,,,,
,,,,,,,,,,,,,,,,,,,,,,,,,,,,,
domhist_bofors_shot,domhist_bofors_shot,base_trail_fuzzy,10,0.05,0.05,0.1,5,2,"[195,215,175]","[30,40,20]",0.45,256,-128,TRUE,5,6,1,0,TRUE,TRUE,TRUE,0,180,1.5,0,0,360,TRUE,TRUE
,,,,,,,,,,,,,,,,,,,,,,,,,,,,,
# domhist_gangnail_shot_core_1,domhist_gangnail_shot,base_trail_zap,10,0.1,0,0.55,7,3,"[120,180,255]","[210,255,180]",0.35,128,40,TRUE,20,1,1,0,TRUE,FALSE,TRUE,10,90,0,0,0,180,true,false
# domhist_gangnail_shot_core_2,domhist_gangnail_shot,base_trail_zap,10,0.1,0,0.55,7,3,"[120,180,255]","[210,255,180]",0.35,128,-40,TRUE,20,1,1,0,TRUE,FALSE,TRUE,10,90,0,0,0,-180,true,false
domhist_gangnail_shot_core_a_1,domhist_gangnail_shot,base_trail_zap,10,0.1,0,0.15,7,3,"[120,255,200]","[180,255,120]",0.35,128,40,TRUE,0,0,1,0,TRUE,FALSE,TRUE,10,90,0,0,0,0,true,false
domhist_gangnail_shot_core_a_2,domhist_gangnail_shot,base_trail_zap,10,0.1,0,0.15,7,3,"[120,255,200]","[180,255,120]",0.35,128,-40,TRUE,0,0,1,0,TRUE,FALSE,TRUE,10,90,0,0,0,0,true,false
domhist_gangnail_shot_core_b_1,domhist_gangnail_shot,base_trail_zap,10,0.3,0,0.25,7,3,"[180,255,120]","[200,120,60]",0.35,128,40,TRUE,20,1,1,0,TRUE,FALSE,TRUE,10,90,0,0,0,180,true,false
domhist_gangnail_shot_core_b_2,domhist_gangnail_shot,base_trail_zap,10,0.3,0,0.25,7,3,"[180,255,120]","[200,120,60]",0.35,128,-40,TRUE,20,1,1,0,TRUE,FALSE,TRUE,10,90,0,0,0,-180,true,false
domhist_gangnail_shot_glow,domhist_gangnail_shot,base_trail_smooth,10,0,0.05,0.2,60,30,"[120,140,255]","[25,120,60]",0.5,128,12,TRUE,20,0,1,0,TRUE,FALSE,TRUE,0,0,0,0,0,90,false,false
domhist_gangnail_shot_contrail,domhist_gangnail_shot,base_trail_contrail,10,0,0,0.4,9,40,"[55,185,185]","[50,65,50]",0.4,256,-128,TRUE,0,0,1,0,TRUE,FALSE,TRUE,30,200,0.1,0,0,0,false,TRUE
,,,,,,,,,,,,,,,,,,,,,,,,,,,,,
domhist_headshunt_shot,domhist_headshunt_shot,base_trail_fuzzy,10,0.05,0.05,0.2,6,2,"[225,75,75]","[85,20,20]",0.45,256,-128,TRUE,5,9,1,0,TRUE,TRUE,TRUE,0,130,1.4,0,0,360,TRUE,TRUE
,,,,,,,,,,,,,,,,,,,,,,,,,,,,,
domhist_overhead_shot,domhist_overhead_shot,base_trail_mild,10,0.05,0,0.15,24,16,"[25,150,155]","[10,70,80]",0.3,256,-256,TRUE,5,0,1,0,TRUE,FALSE,TRUE,20,200,0.1,0,0,0,FALSE,TRUE
,,,,,,,,,,,,,,,,,,,,,,,,,,,,,
domhist_sleeper_proj_1,domhist_sleeper_proj,base_trail_heavySmoke,10,0.05,0.05,0.1,12,8,"[150,90,60]","[60,30,20]",0.3,256,16,TRUE,10,2,1,0,TRUE,TRUE,TRUE,10,100,0,0,0,0,false,false
domhist_sleeper_proj_2,domhist_sleeper_proj,base_trail_zap,10,0,0.05,0.1,5,6,"[250,180,40]","[200,150,50]",0.4,256,32,TRUE,0,2,1,0,TRUE,TRUE,TRUE,10,120,0,0,0,0,false,false
,,,,,,,,,,,,,,,,,,,,,,,,,,,,,
domhist_sleeper_heavy_proj_1,domhist_sleeper_heavy_proj,base_trail_heavySmoke,10,0.05,0.1,0.15,14,9,"[150,90,60]","[60,30,20]",0.3,256,16,TRUE,10,2,1,0,TRUE,TRUE,TRUE,10,100,0,0,0,0,false,false
domhist_sleeper_heavy_proj_2,domhist_sleeper_heavy_proj,base_trail_zap,10,0,0.05,0.15,6,7,"[250,180,40]","[200,150,50]",0.4,256,32,TRUE,0,2,1,0,TRUE,TRUE,TRUE,10,120,0,0,0,0,false,false
,,,,,,,,,,,,,,,,,,,,,,,,,,,,,
domhist_stonebridge_gun_shot_1,domhist_stonebridge_gun_shot,base_trail_heavySmoke,10,0.1,0.1,0.3,12,20,"[50,50,50]","[30,15,20]",0.35,256,8,TRUE,10,2,1,0,TRUE,FALSE,FALSE,0,0,0,0,0,0,TRUE,TRUE
domhist_stonebridge_gun_shot_2,domhist_stonebridge_gun_shot,base_trail_smoke,10,0.05,0.05,0.2,18,10,"[155,50,50]","[60,25,20]",0.35,256,16,TRUE,10,0,1,0,TRUE,FALSE,TRUE,0,0,0,0,0,0,false,TRUE
domhist_stonebridge_gun_shot_3,domhist_stonebridge_gun_shot,base_trail_zap,10,0,0.05,0.1,8,9,"[155,80,30]","[90,60,20]",0.6,256,12,TRUE,0,1,1,0,TRUE,FALSE,TRUE,0,0,0,0,0,0,false,false
,,,,,,,,,,,,,,,,,,,,,,,,,,,,,
domhist_wye_shot_1,domhist_wye_shot,base_trail_heavySmoke,10,0.05,0.1,0.25,15,10,"[120,90,60]","[50,40,20]",0.4,256,16,TRUE,10,2,1,0,TRUE,TRUE,TRUE,10,100,0,0,0,0,false,false
domhist_wye_shot_2,domhist_wye_shot,base_trail_fuzzy,10,0.1,0.05,0.15,6,2,"[255,230,75]","[125,100,20]",0.6,256,-128,TRUE,5,4,1,0,TRUE,TRUE,TRUE,5,150,0,0,0,30,TRUE,TRUE
,,,,,,,,,,,,,,,,,,,,,,,,,,,,,
domhist_jubilee_shot_smoke1,domhist_jubilee_shot,base_trail_heavySmoke,10,0.1,0.2,0.6,18,30,"[50,50,50]","[30,20,15]",0.35,256,8,TRUE,10,2,1,0,TRUE,FALSE,FALSE,0,0,0,0,0,0,TRUE,TRUE
domhist_jubilee_shot_smoke2,domhist_jubilee_shot,base_trail_smoke,10,0.05,0.1,0.4,27,15,"[155,65,50]","[60,25,20]",0.35,256,16,TRUE,10,0,1,0,TRUE,FALSE,TRUE,0,0,0,0,0,0,false,TRUE
domhist_jubilee_shot_trail1,domhist_jubilee_shot,base_trail_zap,10,0,0.1,0.35,12,9,"[225,130,60]","[130,60,40]",0.6,256,12,TRUE,0,1,1,0,TRUE,FALSE,TRUE,0,0,0,0,0,0,false,false
domhist_jubilee_shot_trail2,domhist_jubilee_shot,base_trail_fuzzy,10,0,0.05,0.25,10,3,"[255,200,110]","[85,70,40]",0.65,256,-128,TRUE,0,9,1,0,TRUE,TRUE,TRUE,0,130,1.4,0,0,360,TRUE,TRUE
domhist_jubilee_shot_spread,domhist_jubilee_shot,base_trail_rough,10,0.25,0,0.35,10,50,"[170,30,30]","[50,10,10]",0.3,512,256,TRUE,0,8,1,0,TRUE,FALSE,TRUE,0,200,0.4,0,0,0,false,false
,,,,,,,,,,,,,,,,,,,,,,,,,,,,,
domhist_jubilee_dummy_shot_1,domhist_jubilee_dummy_shot,base_trail_fuzzy,10,0.05,0,0.25,20,16,"[170,30,30]","[50,10,10]",0.2,256,-256,TRUE,5,6,1,0,TRUE,FALSE,TRUE,20,200,0.5,0,0,0,FALSE,TRUE
domhist_jubilee_dummy_shot_2,domhist_jubilee_dummy_shot,base_trail_mild,10,0,0.05,0.2,8,2,"[250,80,80]","[65,20,20]",0.4,256,-128,TRUE,0,9,1,0,TRUE,TRUE,TRUE,0,130,1.4,0,0,360,TRUE,TRUE