name,id,designation,tech/manufacturer,system id,fleet pts,hitpoints,armor rating,max flux,8/6/5/4%,flux dissipation,ordnance points,fighter bays,max speed,acceleration,deceleration,max turn rate,turn acceleration,mass,shield type,defense id,shield arc,shield upkeep,shield efficiency,phase cost,phase upkeep,min crew,max crew,cargo,fuel,fuel/ly,range,max burn,base value,cr %/day,CR to deploy,peak CR sec,CR loss/sec,supplies/rec,supplies/mo,hints,tags,rarity,breakProb,minPieces,maxPieces,number
# [ Fighters ],,,,,,,,,,,,,,,,,,,,,,,,,,,,,,,,,,,,,,,,,,,,,,
Siding,domhist_siding,Light Fighter,Albion Transport Commission,flarelauncher_single,,500,75,200,,80,0,,180,360,270,130,270,15,NONE,,0,0,0,,,1,1,,,,,,,,,,,,,,,,0,,,80011
Turntable,domhist_turntable,Heavy Fighter,Albion Transport Commission,flarelauncher_fighter,,800,200,300,,220,0,,125,175,150,100,200,35,NONE,,0,0,0,,,2,1,,,,,,,,,,,,,,,,0,,,80012
Crossing,domhist_crossing,Strike Fighter,Albion Transport Commission,,,600,100,300,,100,0,,160,240,192,120,300,30,NONE,,0,0,0,,,2,2,,,,,,,,,,,,,,,,0,,,80013
Junction,domhist_junction,Heavy Interceptor,Albion Transport Commission,,,600,125,300,,120,0,,330,450,400,150,300,30,NONE,,0,0,0,,,2,2,,,,,,,,,,,,,,,,0,,,80014
Stop,domhist_stop,Bomber,Albion Transport Commission,,,600,80,200,,80,0,,160,200,180,55,110,35,NONE,,0,0,0,,,2,2,,,,,,,,,,,,,,,,0,,,80015
Ticketmaster,domhist_ticketmaster,Missile Boat,Albion Transport Commission,,,1200,250,300,,100,0,,120,180,150,45,90,75,NONE,,0,0,0,,,3,3,,,,,,,,,,,,,,,,0,,,80017
,,,,,,,,,,,,,,,,,,,,,,,,,,,,,,,,,,,,,,,,,,,,,,
# [ Frigates ],,,,,,,,,,,,,,,,,,,,,,,,,,,,,,,,,,,,,,,,,,,,,,
Kenton,domhist_kenton,Armoured Shuttle,Albion Transport Commission,domhist_combatflares,3,2200,500,800,,110,30,,185,160,100,85,115,200,NONE,,0,0,0,,,10,50,60,35,1,25,11,7500,5,10,240,0.25,2,2,,domhist_ship_bp,,0.35,2,2,80021
Wealdstone,domhist_wealdstone,Frigate,Albion Transport Commission,domhist_CokeBurn,5,2000,500,2000,,150,45,,130,105,90,55,85,225,FRONT,,135,0.4,1,,,25,50,40,25,1,25,10,9000,8,10,240,0.25,4,4,,"domhist_ship_bp, merc",,0.35,2,2,80022
Stonebridge,domhist_stonebridge,Support Frigate,Albion Transport Commission,domhist_ballconductor,7,2500,550,2200,,190,35,,120,95,85,45,85,250,FRONT,,120,0.5,1,,,20,40,35,20,1,20,9,12000,8,10,240,0.25,6,6,,"domhist_ship_bp, merc",,0.4,2,2,80023
Oxford Circus,domhist_oxford_circus,Heavy Frigate,Albion Transport Commission,domhist_charing_pulse,8,2500,550,3000,,270,60,,140,120,100,50,100,225,FRONT,,220,0.333,0.9,,,25,40,30,20,1,20,10,28000,7,12,240,0.25,8,8,,"rare_bp, hist1t, merc",,0.45,2,2,80024
,,,,,,,,,,,,,,,,,,,,,,,,,,,,,,,,,,,,,,,,,,,,,,
# [ Destroyers ],,,,,,,,,,,,,,,,,,,,,,,,,,,,,,,,,,,,,,,,,,,,,,
Harrow,domhist_harrow,Light Destroyer,Albion Transport Commission,domhist_CokeBurn,9,5500,700,3000,,200,70,,95,60,45,30,50,350,FRONT,,120,0.4,1,,,40,80,80,60,2,30,9,30000,5,10,360,0.25,9,9,,domhist_ship_bp,,0.5,2,3,80031
Harlesden,domhist_harlesden,Escort Carrier,Albion Transport Commission,domhist_combatflares,9,5000,600,2200,,120,60,2,65,45,30,20,20,350,OMNI,,90,0.4,1,,,90,150,70,30,2,15,9,32000,5,10,360,0.25,10,10,CARRIER,domhist_ship_bp,,0.5,2,3,80032
Edgeware,domhist_edgeware,Battlecarrier,Albion Transport Commission,domhist_VayraScreeningFormation,13,7000,900,3500,,175,95,1,65,40,25,25,20,500,FRONT,,130,0.4,1,,,70,110,60,40,2,20,8,38000,5,15,420,0.25,12,13,"CARRIER, COMBAT, NO_AUTO_ESCORT","domhist_ship_bp, merc",,0.4,2,3,80033
Mule (Albion),domhist_mule_dh,Armed Civilian Transport,Albion Transport Commission,domhist_ParadeBurn,9,4500,400,2800,,140,65,1,55,40,20,20,15,500,OMNI,,120,0.4,1,,,50,200,150,80,2,40,8,32000,5,10,420,0.25,8,8,"CARRIER, COMBAT",domhist_ship_bp,,0.55,2,3,80034
Sunder (Albion),domhist_sunder_dh,Phase-Hunter,Albion Transport Commission,domhist_phase_charge_strike,11,4500,300,7200,,480,75,,90,80,60,30,30,360,FRONT,,300,0.4,1.2,,,50,70,70,50,2,25,9,50000,4,16,300,0.25,12,12,,"rare_bp, hist2t, merc",,0.6,3,4,80035
Enforcer (Albion),domhist_enforcer_dh,Destroyer,Albion Transport Commission,domhist_charing_pulse,10,5500,800,4500,,300,100,,70,50,30,30,30,500,FRONT,,260,0.3,0.9,,,60,100,90,80,2,40,9,40000,5,12,420,0.25,9,9,,"domhist_ship_bp, merc",,0.55,2,3,80036
,,,,,,,,,,,,,,,,,,,,,,,,,,,,,,,,,,,,,,,,,,,,,,
# [ Cruisers ],,,,,,,,,,,,,,,,,,,,,,,,,,,,,,,,,,,,,,,,,,,,,,
Wembley,domhist_wembley,Light Cruiser,Albion Transport Commission,domhist_ParadeBurn,12,8500,1200,9000,,350,125,,70,45,25,16,20,1750,FRONT,,150,0.4,1,,,125,250,100,100,3,33.3,8,120000,4,12,480,0.25,16,16,,"domhist_ship_bp, merc",,0.4,2,3,80041
Wembley North,domhist_wembleynorth,Fast Carrier,Albion Transport Commission,domhist_VayraScreeningFormation,12,7500,1000,7000,,300,120,2,70,45,25,16,20,1600,OMNI,,125,0.4,1,,,200,400,150,100,3,33.3,8,120000,4,12,480,0.25,16,16,"CARRIER, COMBAT","domhist_ship_bp, merc",,0.4,2,3,80042
Kilburn,domhist_kilburn,Support Cruiser,Albion Transport Commission,domhist_ChainHome,17,12000,1400,9500,,500,140,,45,25,16,12,9,2200,FRONT,,120,0.5,1,,,200,300,120,120,5,24,7,160000,4,12,540,0.25,25,25,,"rare_bp, hist2t, merc",,0.4,2,3,80043
Falcon (Albion),domhist_falcon_dh,Light Cruiser,Albion Transport Commission,domhist_CokeBurn,12,6600,850,7000,,350,105,,70,60,45,20,25,650,FRONT,,270,0.4,0.9,,,100,180,120,100,3,33,9,80000,4,12,480,0.25,15,15,,"domhist_ship_bp, merc",,0.45,2,3,80044
Charing Cross,domhist_charing_cross,Line Cruiser,Albion Transport Commission,domhist_charing_pulse,14,12000,1400,9000,,450,140,1,45,15,12,12,10,2000,FRONT,,130,0.4,1,,,160,240,160,120,4,30,8,120000,4,12,540,0.25,18,18,"CARRIER, COMBAT, NO_AUTO_ESCORT","rare_bp, hist2t, merc",,0.4,2,3,80045
,,,,,,,,,,,,,,,,,,,,,,,,,,,,,,,,,,,,,,,,,,,,,,
# [ Capitals ],,,,,,,,,,,,,,,,,,,,,,,,,,,,,,,,,,,,,,,,,,,,,,
Picadilly,domhist_picadilly,Battlecruiser,Albion Transport Commission,domhist_ParadeBurn,22,15000,1300,15000,,600,200,3,55,30,20,7,10,3000,OMNI,,80,0.4,1,,,700,1500,250,300,15,20,7,370000,3,12,720,0.25,36,36,"CARRIER, COMBAT, NO_AUTO_ESCORT","rare_bp, hist3t, merc",,0.4,2,4,80051
Paddington,domhist_paddington,Pocket Battleship,Albion Transport Commission,domhist_CokeBurn,27,16000,1400,16000,,650,240,,45,35,25,8,10,3000,FRONT,,160,0.4,1,,,650,1200,600,600,15,40,7,410000,3,12,720,0.25,45,45,,"rare_bp, hist3t, merc",,0.4,2,4,80052
