id,variant,tags,tier,rarity,fleet pts,op cost,formation,range,attackRunRange,attackPositionOffset,num,role,role desc,refit,base value,,,,,,,,,,,,,number
domhist_siding_wing,domhist_siding_l_fight,"interceptor2, fighter, low, domhist_ship_bp, merc",0,,3,5,V,4000,300,100,4,FIGHTER,Light Fighter,5,3000,,,,,,,,,,,,,8001
domhist_turntable_wing,domhist_turntable_h_fight,"fighter4, fighter, low, rare_bp, merc",1,,6,14,V,4000,600,400,3,FIGHTER,Heavy Fighter,8,9500,,,,,,,,,,,,,8002
domhist_crossing_wing,domhist_crossing_stk_fght,"fighter4, fighter, low, rapid_reform, rare_bp, hist2t, merc",2,,7,15,CLAW,4000,,500,3,FIGHTER,Strike Fighter,12,11000,,,,,,,,,,,,,
domhist_junction_wing,domhist_junction_h_int,"fighter3, interceptor, low, rare_bp, merc",2,,6,10,CLAW,6000,500,200,2,INTERCEPTOR,Heavy Interceptor,10,8000,,,,,,,,,,,,,8003
domhist_stop_wing,domhist_stop_bomb,"bomber4, bomber, low, rare_bp, merc",2,,6,12,V,4000,2000,600,3,BOMBER,Torpedo Bomber,15,9000,,,,,,,,,,,,,8004
domhist_ticketmaster_wing,domhist_ticketmaster_mssl_bote,"support3, fighter, low, rare_bp, hist1t, merc",2,,8,16,BOX,1000,,0,2,SUPPORT,Missile Boat,25,10000,,,,,,,,,,,,,
,,,,,,,,,,,,,,,,,,,,,,,,,,,,