{
	"combatSmallForSmallFleet":{
		"domhist_kenton_sup":5,
		"domhist_kenton_ass":5,
		"domhist_wealdstone_ass":4.5,
		"domhist_wealdstone_sup":3.5,
		"domhist_wealdstone_od":2,
		"domhist_stonebridge_sup":4.5,
		"domhist_stonebridge_ass":3.5,
		"domhist_stonebridge_stk":2,
	},
	"combatSmall":{
		"domhist_kenton_sup":5,
		"domhist_kenton_ass":5,
		"domhist_wealdstone_ass":5,
		"domhist_wealdstone_sup":3.5,
		"domhist_wealdstone_od":1.5,
		"domhist_stonebridge_sup":4.5,
		"domhist_stonebridge_ass":3.5,
		"domhist_stonebridge_stk":2,
		"domhist_oxford_circus_ass":3,
		"domhist_oxford_circus_brwl":3,
		"domhist_oxford_circus_stk":4,
	},
	"combatMedium":{
		"domhist_harrow_sup":4.5,
		"domhist_harrow_stk":3.5,
		"domhist_harrow_od":2,
		"domhist_edgeware_ass":3.5,
		"domhist_edgeware_stk":3.5,
		"domhist_edgeware_sup":3,
		"domhist_mule_dh_ass":1,
		"domhist_mule_dh_stk":1,
		"domhist_mule_dh_sup":1,
		"domhist_sunder_dh_stk":5,
		"domhist_sunder_dh_sup":5,
		"domhist_enforcer_dh_ass":4,
		"domhist_enforcer_dh_sup":4,
		"domhist_enforcer_dh_stk":2,

	},
	"combatLarge":{
		"domhist_wembley_bal":3.5,
		"domhist_wembley_ass":3,
		"domhist_wembley_sup":3.5,
		"domhist_wembleynorth_stk":1,
		"domhist_wembleynorth_sup":1,
		"domhist_kilburn_ass":3.5,
		"domhist_kilburn_std":4,
		"domhist_kilburn_stk":2.5,
		"domhist_falcon_dh_ass":3,
		"domhist_falcon_dh_bal":3.5,
		"domhist_falcon_dh_sup":3.5,
		"domhist_charing_cross_ass":3,
		"domhist_charing_cross_brwl":3,
		"domhist_charing_cross_sup":3.5,
		
	},
	"combatCapital":{
		"domhist_picadilly_ass":5,
		"domhist_picadilly_stk":5,
		"domhist_paddington_ass":2.5,
		"domhist_paddington_brwl":4,
		"domhist_paddington_stk":3.5,
	},


	"combatFreighterSmall":{
		"domhist_kenton_sup":6,
		"domhist_kenton_ass":4,
	},
	
	"combatFreighterMedium":{
		"domhist_mule_dh_ass":3.5,
		"domhist_mule_dh_stk":3,
		"domhist_mule_dh_sup":3.5,
	},

	"carrierSmall":{
		"domhist_harlesden_atk":3.5,
		"domhist_harlesden_stk":3.5,
		"domhist_harlesden_sup":3,
		"domhist_edgeware_ass":1,
		"domhist_edgeware_stk":1,
		"domhist_edgeware_sup":2,
		"domhist_mule_dh_ass":1,
		"domhist_mule_dh_stk":1,
		"domhist_mule_dh_sup":2,
	},
	"carrierMedium":{
		"domhist_wembleynorth_atk":3.5,
		"domhist_wembleynorth_stk":3.5,
		"domhist_wembleynorth_sup":3,
	},
	"carrierLarge":{
		"domhist_picadilly_ass":5,
		"domhist_picadilly_stk":5,
	},

	"personnelSmall":{
		"domhist_kenton_sup":5,
		"domhist_kenton_ass":5,
	},
	"personnelMedium":{
		"domhist_mule_dh_ass":3,
		"domhist_mule_dh_stk":3.5,
		"domhist_mule_dh_sup":3.5,
	},
}