{
    "playableFaction":true,
    "corvusCompatible":true,

    "rebelFleetSuffix":"Rebels",

    "startRelationships":{
        "hegemony":0.6,
        "luddic_church":0.3,
        "persean":-0.35,
        "sindrian_diktat":0.0,
    },

    "diplomacyTraits":["paranoid",
			"dislikes_ai",
			"law_and_order",
			"envious"],

    "alignments":{
        "technocratic":-0.2,
        "hierarchial":1,
        "militarist":0.7,
        "diplomatic":-0.2,
        "ideological":0.2,
    },

    # chance of the faction being picked to send a colony expedition. Default 0 (disabled)
    "colonyExpeditionChance":1,	# baseline expansion behaviour
    "colonyTargetValuator":"exerelin.campaign.colony.IndustrialColonyTargetValuator",

    "specialForcesNamerClass":"exerelin.campaign.intel.specialforces.namer.PlanetNamer",

    "startShipsSolo":[
		["domhist_oxford_circus_brwl"],
		["domhist_stonebridge_ass"],
		["domhist_wealdstone_ass"],
    ],

    "startShipsCombatSmall":[
      ["domhist_wealdstone_sup", "domhist_stonebridge_sup", "domhist_kenton_sup"],
      ["domhist_harrow_stk", "domhist_kenton_ass", "domhist_kenton_ass"]
    ],

    "startShipsCombatLarge":[
        ["domhist_wembley_bal", "domhist_harrow_sup", "domhist_wealdstone_ass"],
        ["domhist_falcon_dh_bal", "domhist_edgeware_sup", "domhist_kenton_sup"],
    ],

    "startShipsTradeSmall":[["domhist_mule_dh_sup", "domhist_kenton_sup", "domhist_kenton_ass"]],

    "startShipsCarrierSmall":[["domhist_harlesden_sup", "domhist_wealdstone_sup", "domhist_kenton_ass"]],

    "startShipsCarrierLarge":[["domhist_wembleynorth_stk", "domhist_mule_dh_ass", "domhist_wealdstone_sup"]],

    "startSpecialItems":[
        [["domhist_ship_package",""]],
	[["domhist_weapon_package",""]]
    ],
    
    "defenceStations":[
        {"ids":["orbitalstation", "battlestation", "starfortress"]},
        {"ids":["orbitalstation_mid", "battlestation_mid", "starfortress_mid"], "weight":0.5},
    ],
    
    "industrySeeds":[
        {"id":"orbitalworks", "mult":0.1},
        {"id":"fuelprod", "mult":0.1},
        {"id":"lightindustry", "mult":0.1},
    ],
    
    "bonusSeeds":[
        {"id":"population_upsize", "count":1},
        {"id":"nanoforge_corrupted", "count":1},
    ],
}

