name,id,flux/second,f/s (base rate),f/s (base cap),flux/use,f/u (base rate),f/u (base cap),cr/u,max uses,regen,charge up,active,down,cooldown,toggle,noDissipation,noHardDissipation,hardFlux,noFiring,noTurning,noStrafing,noAccel,noShield,noVent,isPhaseCloak,tags,icon
Parade Burn,domhist_ParadeBurn,1,,,,,,,,,1.5,3.75,0.75,7,TRUE,,,,,,TRUE,TRUE,TRUE,,,,graphics/icons/hullsys/burn_drive.png
,,,,,,,,,,,,,,,,,,,,,,,,,,,
Coke Burn,domhist_CokeBurn,,,,,,,,2,0.1,0.25,1.1,0.75,1,,,,,,,,,,,,,graphics/icons/hullsys/maneuvering_jets.png
,,,,,,,,,,,,,,,,,,,,,,,,,,,
Ballistic Conductor,domhist_ballconductor,,,,,,,,,,1,5,1,5,,,,,,,,,TRUE,,,,graphics/icons/hullsys/ammo_feeder.png
Defensive Formation,domhist_VayraScreeningFormation,,,,,,,,,,1,,1,6,TRUE,,,,,,,,,,,,graphics/icons/hullsys/targeting_feed.png
Combat Flares,domhist_combatflares,,,,,,,,5,,,,,5,,,,,,,,,,,,,graphics/icons/hullsys/flare_launcher.png
,,,,,,,,,,,,,,,,,,,,,,,,,,,
Chain Home,domhist_ChainHome,,0.5,,,,,,,,1.2,7,0.8,3,TRUE,,,,,,,,TRUE,,,,graphics/icons/hullsys/entropy_amplifier.png
,,,,,,,,,,,,,,,,,,,,,,,,,,,
Timetable Mine Strike,domhist_phase_charge_strike,,,,,,0.125,,2,0.125,0.2,,0.15,0.25,,,,,,,,,,,,,graphics/icons/hullsys/interdictor_array.png
,,,,,,,,,,,,,,,,,,,,,,,,,,,
Z Pulse Battery,domhist_charing_pulse,,,,,,,,3,0.05,0.4,0.2,1.5,2.5,,,,,,,,,,,,,graphics/icons/hullsys/emp_emitter.png
,,,,,,,,,,,,,,,,,,,,,,,,,,,