id,trigger,conditions,script,text,options,notes
#Domain Historical Society,,,,,,
greetingDomHistFriendly,OpenCommLink,"$faction.id == domhist
$faction.friendlyToPlayer","$menuState = fleetConvMain 0
FireAll PopulateOptions","""Good to see another member of the Society, Captain, did you need anything?""",,
greetingDomHistHostileWeaker,OpenCommLink,"$faction.id == domhist
$entity.isHostile
$entity.relativeStrength < 0",$entity.ignorePlayerCommRequests = true 1,"""A patrol is already en-route to our position. Power down your weapons and await apprehension by the Society""",cutCommLink:Cut the comm link,
greetingDomHistHostileWeakerDefiant,OpenCommLink,"$faction.id == domhist
$entity.isHostile
$entity.relativeStrength < 0
$entity.weakerThanPlayerButHolding",$entity.ignorePlayerCommRequests = true 1,"The Society $personRank looks grim but defiant ""It’s our duty to keep the Sector safe, we will fight to the last"" $heOrShe says.",cutCommLink:Cut the comm link,
greetingDomHistHostileStronger,OpenCommLink,"$faction.id == domhist
$entity.isHostile
$entity.relativeStrength >= 0",$entity.ignorePlayerCommRequests = true 1,"""Traitor to the Domain, your journey ends here. Surrender and power down or we will engage you""",cutCommLink:Cut the comm link,
greetingDomHistNeutral,OpenCommLink,"$faction.id == domhist
$faction.neutralToPlayer","$menuState = fleetConvMain 0
FireAll PopulateOptions","""This is the DHS receiving you, please maintain your distance, we’re too busy for idle chatter.""",,
,,,,,,
"# default commission conversation strings, copy and adjust this section for faction-specific conversation flavor",,,,,,
CMSNTextRejectHostile_DomHist,CMSNTextRejectHostile,$faction.id == domhist,,"""You must be joking, the only interaction the DHS is willing to have with you is your swift apprehension and incarceration, a patrol has already been dispatched""",,
CMSNTextHasOther_DomHist,CMSNTextHasOther,$faction.id == domhist,,"""You’re already commissioned by $theOtherCommissionFaction. Unfortunately for you, a contract with the DHS is an exclusive posting, you’ll need to resign your current commission before we can speak further""",,
CMSNTextUnsuited_DomHist,CMSNTextUnsuited,$faction.id == domhist,,"""I’m afraid you are currently an unsuitable fit for the Society. If you put the work in, perhaps circumstances will change in the future.""",,
CMSNTextSuitedPart1_DomHist,CMSNTextSuitedPart1,$faction.id == domhist,,"""The DHS won’t just sign anyone on, however our data indicates a shared goal between you and the society: something we seldom see nowadays.

Do bear in mind, a commission with our society is no cakewalk: you must hold yourself to the standards of the old Domain and ensure its ideals, history and culture are preserved and shared with the other polities in the sector, no matter the resistance. After all, who better to bring about the return of the Domain than we, who know it so intimately?

Of course, you are within your rights to resign your commission if you feel the need to. Doing so will, however, reflect poorly upon your record with us: Loyalty is a virtue, and a member accepted, but not truly committed to our noble cause is not just a black mark on you, but on the Society as a whole.""",,
CMSNTextSuitedPart2_DomHist,CMSNTextSuitedPart2,$faction.id == domhist,,"""Starfarer, do you still wish to join the Domain Historical Society, commissioned as an independent contractor in service to reunify the sector under the mighty domain?""",,
CMSNTextWelcomePart1_DomHist,CMSNTextWelcomePart1,$faction.id == domhist,,"""Wonderful! I’ll update your file on our database and you can continue about your day. Welcome to the Society.""",,
CMSNTextWelcomePart2_DomHist,CMSNTextWelcomePart2,$faction.id == domhist,,"""Is there anything else I can help you with?""",,
CMSNTextChangeMind_DomHist,CMSNTextChangeMind,$faction.id == domhist,,"""Very well, working among the DHS is a grand undertaking, after all, yet most people in the sector remain small and without vision. I’m sure a career as a salvager or a courier would suit one of your resolve far better, anyways.""",,
CMSNResignAskToConfirm_DomHist,CMSNResignAskToConfirm,$faction.id == domhist,,"""You don’t want to reconsider? The work of the DHS is exceptionally important to the future stability of the sector, and we could use dedicated people like you to help realise our goals.""",,
CMSNResignConfirmed_DomHist,CMSNResignConfirmed,$faction.id == domhist,,"""There’s no changing your mind, it seems. Although this is a black mark on your record, you at least had the courtesy to resign in person.""",,
CMSNResignCancelled_DomHist,CMSNResignCancelled,$faction.id == domhist,,"""I’m glad you’ve changed your mind. The Society understands our ultimate goal is difficult, but your loyalty in the face of adversity is commendable.""",,
"#END default commission conversation strings, copy and adjust this section for faction-specific conversation flavor",,,,,,
,,,,,,
aiCores_turnInOptionSelDomHist,DialogOptionSelected,"$option == aiCores_startTurnIn
$faction.id == domhist",FireAll PopulateCoresTurnInOptions,"""An intriguing find, you were right to bring it to experts like us. Rest assured these will be processed as stated in Domain law and you will be generously compensated.""",,
aiCores_turnInResponseDomHist,AICoresTurnedIn,$faction.id == domhist,FireAll PopulateOptions,"$PersonRank $personLastName gives a polite thank you as the transfer is processed, before the conversation moves to other matters.",,
,,,,,,
