name,id,tier,rarity,base value,range,damage/second,damage/shot,emp,impact,turn rate,OPs,ammo,ammo/sec,reload size,type,energy/shot,energy/second,chargeup,chargedown,burst size,burst delay,min spread,max spread,spread/shot,spread decay/sec,beam speed,proj speed,launch speed,flight time,proj hitpoints,autoFireAccBonus,extraArcForAI,hints,tags,GroupTag,tech/manufacturer,,primaryRoleStr,speedStr,trackingStr,turnRateStr,accuracyStr,customPrimary,customPrimaryHL,customAncillary,customAncillaryHL,noDPSInTooltip,number
# [Ballistic],,,,,,,,,,,,,,,,,,,,,,,,,,,,,,,,,,,,,,,,,,,,,,,,
Headshunt Rifle,domhist_headshunt,1,,500,700,,400,,10,25,5,,,,FRAGMENTATION,180,,0,1.6,1,,0,5,1,5,,950,,,30,,,,"kinetic6, domhist_weapon_bp, merc",,Albion Transport Commission,,General,,,,,,,,,,80101
Bofors,domhist_bofors_single,1,,500,700,,65,,6,40,5,,,,KINETIC,58.5,,0,0.75,1,,0,6,1,10,,860,,,30,,,"PD,PD_ALSO","kinetic5, domhist_weapon_bp, merc",,Albion Transport Commission,,Anti Shield / PD,,,,,,,,,,80102
Semaphore Scattergun,domhist_semaphore,0,,200,300,,120,,8,75,2,,,,FRAGMENTATION,5,,0,0.6,,,0,2,0.5,1,,800,,,10,,3,PD,"pd4, SR, domhist_weapon_bp",,Albion Transport Commission,,Point Defense,,,,Spread,Fires a spread of %s fragments that deal %s damage each.,8 | 15,,,,80103
Sleeper Cannon,domhist_sleeper,1,,400,600,,35,,5,30,3,,,,HIGH_EXPLOSIVE,52.5,,0,1,1,,0,8,1.5,6,,650,,,10,,,,"he6, domhist_weapon_bp",,Albion Transport Commission,,Anti Armor,,,,,Each shot deals an additional %s damage to armor. This damage is not reduced by armor.,35,,,,80104
,,,,,,,,,,,,,,,,,,,,,,,,,,,,,,,,,,,,,,,,,,,,,,,,
Fishplate Revolver,domhist_fishplate,1,,1000,700,,40,,3,16,9,,,,HIGH_EXPLOSIVE,36,,0,0.12,1,,2,20,1,10,,700,,,20,,,,"he13, domhist_weapon_bp, merc",,Albion Transport Commission,,Anti Armor,,,,,,,,,,80106
Heavy Bofors,domhist_bofors,2,,1400,700,,65,,6,40,10,,,,KINETIC,58.5,,0,0.55,2,0.2,0,6,1,10,,960,,,30,,,"PD,PD_ALSO","kinetic11, domhist_weapon_bp",,Albion Transport Commission,,Anti Shield / PD,,,,,,,,,,80107
Heavy Semaphore Scattergun,domhist_semaphore_heavy,0,,800,350,,120,,8,65,7,,,,FRAGMENTATION,5,,0,0.2,1,,0,2,0.5,1,,800,,,10,,3,PD,"pd10, SR, domhist_weapon_bp",,Albion Transport Commission,,Point Defense,,,,Spread,Fires a spread of %s fragments that deal %s damage each.,8 | 15,,,,80108
Sleeper Howitzer,domhist_sleeper_heavy,1,,400,700,,100,,5,25,8,,,,HIGH_EXPLOSIVE,170,,0,1.2,1,,0,10,2,5,,650,,,30,,,,"he13, domhist_weapon_bp, merc",,Albion Transport Commission,,Anti Armor,,,,,Each shot deals an additional %s damage to armor. This damage is not reduced by armor.,150,,,,80109
,,,,,,,,,,,,,,,,,,,,,,,,,,,,,,,,,,,,,,,,,,,,,,,,
Wye Rotary Cannon,domhist_wye_rotary,2,,5000,800,,160,,10,14,18,9,1.2,3,HIGH_EXPLOSIVE,160,,0,0.3,1,,0,12,2,8,,700,,,80,,,,"he18, rare_bp, merc",,Albion Transport Commission,,Anti Armor,,,,,,,,,,80110
Gang-Nail Cannon,domhist_gangnail,3,,4500,800,,750,,400,10,20,,,,KINETIC,1050,,1,1.5,1,,0,0,0,0,,1250,,,400,,,,"kinetic20, rare_bp, merc",,Albion Transport Commission,,Anti Shield,,,,,,,,,,80111
,,,,,,,,,,,,,,,,,,,,,,,,,,,,,,,,,,,,,,,,,,,,,,,,
# [ Energy ],,,,,,,,,,,,,,,,,,,,,,,,,,,,,,,,,,,,,,,,,,,,,,,,
Whistle Canister Laser,domhist_whistle,2,0.85,600,400,600,,,0,20,3,10,,,ENERGY,,660,0.2,0.4,0.6,5.8,,,,,2100,,,,,,,"STRIKE, USE_VS_FRIGATES, GROUP_ALTERNATING","energy10, beam8, rare_bp",Whistle_only,Albion Transport Commission,,Strike,,,,,,,,,,80021
,,,,,,,,,,,,,,,,,,,,,,,,,,,,,,,,,,,,,,,,,,,,,,,,
Gauger Cutting Beam,domhist_gauger,1,,1500,600,320,,,2,12,8,,,,ENERGY,,320,0.6,0.6,2.725,1.075,,,,,2400,,,,,,,,"energy11, beam10, domhist_weapon_bp",,Albion Transport Commission,,General,,,,,"If the beam hits hull or armour then molten chunks of armour will shatter into fragments, each dealing %s damage in a small area.",20-40 Fragmentation,,,,80022
Overhead Ion Cannon,domhist_overhead,2,,2000,600,,80,500,0,20,9,,,,ENERGY,96,,0.2,0.64,3,0.08,8,24,2,4,,1000,,,,,,FIRE_WHEN_INEFFICIENT,"energy12, domhist_weapon_bp, merc",,Albion Transport Commission,,Suppression,,,,,"Hits on hull or armor have a %s chance to arc to weapons and engines, dealing the impact damage as %s.",40% | Fragmentation,,,,80023
,,,,,,,,,,,,,,,,,,,,,,,,,,,,,,,,,,,,,,,,,,,,,,,,
# [ Missile ],,,,,,,,,,,,,,,,,,,,,,,,,,,,,,,,,,,,,,,,,,,,,,,,
Eel Tin (Single),domhist_rktmirv_s,0,,100,2500,,800,,15,20,1,1,,,HIGH_EXPLOSIVE,0,,0,1,1,,0,0,0,0,,290,100,12.5,150,,,"DO_NOT_AIM, MISSILE_SPREAD","missile6, strike1, domhist_weapon_bp",,Albion Transport Commission,,Anti Armor,Medium,Medium,,,,,,,TRUE,80031
Eel Tin Rack,domhist_rktmirv,1,,200,2500,,800,,15,20,3,3,,,HIGH_EXPLOSIVE,0,,0,1,1,,0,0,0,0,,290,100,12.5,150,,,"DO_NOT_AIM, MISSILE_SPREAD","missile7, strike2, domhist_weapon_bp",,Albion Transport Commission,,Anti Armor,Medium,Medium,,,,,,,TRUE,80032
Colonnade Heavy Rocket Launcher,domhist_colonnade,1,,500,1500,,750,,30,20,5,12,,,HIGH_EXPLOSIVE,0,,0,8,3,0.5,0,0,0,0,,500,40,5,450,,,,"rocket12, strike9, domhist_weapon_bp, merc",,Albion Transport Commission,,Anti Armor,Fast,None,,,"Deals %s Damage on direct hits at short range, but after travelling for %s seconds splits into %s Damage bombs.",750 | 1.2 | 4 x 200,,,,80033
Sardine Rocket Launcher,domhist_sardine,0,,200,1500,,120,,5,30,4,90,,,KINETIC,0,,0,4.8,9,0.15,0,0,0,0,,500,60,3.4,35,,,CONSERVE_1,"rocket7, strike0, domhist_weapon_bp, merc",,Albion Transport Commission,,Anti Shield,Fast,None (Unstable),,,Fired rockets are inherently unstable and are highly likely to swerve off course.,,,,,80034
,,,,,,,,,,,,,,,,,,,,,,,,,,,,,,,,,,,,,,,,,,,,,,,,
Channel Nuclear Torpedo Pod,domhist_nuketorp_pod,2,,1800,1200,,2000,1500,60,10,10,5,,,HIGH_EXPLOSIVE,0,,0,12,1,,0,0,0,0,,360,150,4,400,,,"STRIKE, GUIDED_POOR, MISSILE_SPREAD","strike12, missile7, rare_bp, merc",,Albion Transport Commission,,Torpedo,Fast,Medium,,,"After the initial detonation %s secondary explosions occur around the impact site, each dealing %s Damage.
Also hits on hull or armor generate up to %s arcs that deal %s and %s Damage.",7 | 400 Energy | 5 | 250 Energy | EMP ,,,TRUE,80036
Eel Tin Packer,domhist_rktmirv_pod,1,,1500,2500,,800,,15,10,10,30,,,HIGH_EXPLOSIVE,0,,0,7.4,3,0.3,0,0,0,0,,290,100,12.5,150,,,"DO_NOT_AIM, MISSILE_SPREAD","missile11, strike8, domhist_weapon_bp",,Albion Transport Commission,,Anti Armor,Medium,Medium,,,,,,,TRUE,80037
Sardine Rocket Pod,domhist_sardine_pod,0,,1200,1500,,120,,5,30,10,240,,,KINETIC,0,,0,0.55,4,0.15,0,0,0,0,,500,60,3.4,35,,,CONSERVE_1,"rocket7, strike0, domhist_weapon_bp, merc",,Albion Transport Commission,,Anti Shield,Fast,None (Unstable),,,Fired rockets are inherently unstable and are highly likely to swerve off course.,,,,,80034.1
,,,,,,,,,,,,,,,,,,,,,,,,,,,,,,,,,,,,,,,,,,,,,,,,
Ticket Puncher Siege Launcher,domhist_ticket_puncher,2,,4000,2500,,400,,20,20,20,240,,,FRAGMENTATION,,,0,10,16,0.4,0,0,0,0,,550,100,5.2,200,,,"DO_NOT_AIM, DO_NOT_CONSERVE, STRIKE, USE_VS_FRIGATES, MISSILE_SPREAD","missile18, rocket12, rare_bp, merc",,Albion Transport Commission,,Suppression,Very Fast,Special,,,After a brief initial aiming stage missile tracking capability drops off rapidly.,,,,,80038
Channel Silo,domhist_channel_tunnel,3,,4800,1600,,2000,1500,60,10,25,15,,,HIGH_EXPLOSIVE,0,,0,8,1,,0,0,0,0,,420,160,5.2,500,,,"STRIKE, GUIDED_POOR, MISSILE_SPREAD","strike17, missile13, rare_bp, merc",,Albion Transport Commission,,Torpedo,Fast,Medium,,,"After the initial detonation %s secondary explosions occur around the impact site, each dealing %s Damage.
Also hits on hull or armor generate up to %s arcs that deal %s and %s Damage.",7 | 400 Energy | 5 | 250 Energy | EMP ,,,TRUE,80039
,,,,,,,,,,,,,,,,,,,,,,,,,,,,,,,,,,,,,,,,,,,,,,,,
# [ Built-In Weapons ],,,,,,,,,,,,,,,,,,,,,,,,,,,,,,,,,,,,,,,,,,,,,,,,
Fishplate Revolver (Fighter),domhist_fishplate_f,0,,1000,450,,35,,3,30,,21,3.5,7,HIGH_EXPLOSIVE,36,,0,0.48,7,0.12,0,20,1,10,,700,,,30,,,"SYSTEM, PD, PD_ALSO",,,Albion Transport Commission,,Anti Armor,,,,,,,,,,80041
Colonnade Heavy Rocket,domhist_colonnade_f,0,,1000,1200,,750,,30,10,,1,,,HIGH_EXPLOSIVE,0,,0,1,1,,0,0,0,0,,500,40,4,250,,,"SYSTEM, STRIKE",,,Albion Transport Commission,,Torpedo,Fast,None,,,"Deals %s Damage on direct hits at short range, but after travelling for %s seconds splits into %s Damage bombs.",750 | 1.2 | 4 x 200,,,TRUE,80042
Neasden Mortar,domhist_stonebridge_gun,0,,10000,700,,250,,18,10,,,,,FRAGMENTATION,100,,0,1.5,1,,0,16,4,6,,450,,,30,,,"SYSTEM, PD, PD_ALSO",,,Albion Transport Commission,,General,,,,,,,,,,80043
Ticket Puncher Siege Launcher (Integral),domhist_ticket_puncher_i,0,,10000,2500,,400,,20,10,,30,0.2,3,FRAGMENTATION,0,,0,10,6,0.4,0,0,0,0,,550,100,5.2,200,,,"SYSTEM, DO_NOT_AIM, DO_NOT_CONSERVE, STRIKE, USE_VS_FRIGATES, MISSILE_SPREAD",,,Albion Transport Commission,,Suppression,Very Fast,Special,,,After a brief initial aiming stage missile tracking capability drops off rapidly.,,,,,80044
Heavy Ticket Puncher Siege Launcher (Integral),domhist_ticket_puncher_i_h,0,,100000,2500,,400,,20,10,,75,0.3,5,FRAGMENTATION,0,,0,10,15,0.4,0,0,0,0,,550,100,5.2,200,,,"SYSTEM, DO_NOT_AIM, DO_NOT_CONSERVE, STRIKE, USE_VS_FRIGATES, MISSILE_SPREAD",,,Albion Transport Commission,,Suppression,Very Fast,Special,,,After a brief initial aiming stage missile tracking capability drops off rapidly.,,,,,80044.1
Whistle Canister Laser (Fighter),domhist_whistle_f,0,,1000,400,300,,,0,50,,,,,ENERGY,,0,0.15,0.3,0.35,4.2,,,,,2000,,,,,,,SYSTEM,,,Albion Transport Commission,,Strike,,,,,,,,,,80045
Headshunt Rifle (Fighter),domhist_headshunt_f,0,,1000,600,,300,,10,50,,,,,FRAGMENTATION,135,,0,1.2,1,,0,5,1,5,,950,,,30,,,SYSTEM,,,Albion Transport Commission,,General,,,,,,,,,,80046
Teakettle Chemical Laser,domhist_sunder_chem_laser,0,,100000,700,800,,,0,10,,4,0.05,,HIGH_EXPLOSIVE,,960,0.2,0.4,1.3,5.6,,,,,2800,,,,,,,"SYSTEM, STRIKE, USE_VS_FRIGATES",,Sunder_Chem_only,Albion Transport Commission,,Multi-Purpose,,,,,"After firing the beam, an expended power cell is launched as a missile that deals %s damage.",400 Kinetic,,,,80047
Teacup Chemical Laser,domhist_teacup_chem_laser,0,,1000,450,500,,,0,40,,4,0.0625,,HIGH_EXPLOSIVE,,200,0.1,0.2,0.7,4,,,,,2800,,,,,,,SYSTEM,,,Albion Transport Commission,,Multi-Purpose,,,,,"After firing the beam, an expended power cell is launched as a missile that deals %s damage.",150 Kinetic,,,,80047.1
Ticketer Missile Tubes,domhist_ticketer_tubes,0,,1000,2500,,400,,20,10,,,,,FRAGMENTATION,0,,0,15.5,2,0.5,0,0,0,0,,550,100,5.2,200,,,"SYSTEM, DO_NOT_AIM, DO_NOT_CONSERVE, STRIKE, USE_VS_FRIGATES, MISSILE_SPREAD",,,Albion Transport Commission,,Suppression,Very Fast,Special,,,After a brief initial aiming stage missile tracking capability drops off rapidly.,,,,,80044.2
Semaphore Scattergun (Fighter),domhist_semaphore_f,0,,1000,300,,80,,8,100,,,,,FRAGMENTATION,5,,0,0.4,,,0,2,0.5,1,,800,,,10,,3,"SYSTEM, PD",,,Albion Transport Commission,,Point Defense,,,,Spread,Fires a spread of %s fragments that deal %s damage each.,8 | 10,,,,80048
Jubilee Bombard,domhist_jubilee,0,,100000,900,,800,,125,15,,,,,ENERGY,1600,,0,5,1,,1,9,2,2,,600,,,400,,,SYSTEM,,,Albion Transport Commission,,General,,,,,"Main projectile detonates on impact dealing an additional %s damage to nearby targets.

In addition to the main projectile %s fragments are also fired, each dealing %s damage.",800 Energy | 6 | 150 Fragmentation,,,,80049
,,,,,,,,,,,,,,,,,,,,,,,,,,,,,,,,,,,,,,,,,,,,,,,,
Combat Flare Launcher,domhist_combatflarelauncher,,,,600,,200,0,30,,,,0,,HIGH_EXPLOSIVE,0,,0,0.1,6,0.15,60,60,0,0,,380,190,8,50,,,SYSTEM,,,Albion Transport Commission,,Flare,,,,,,,,,,80050
Phase Depth Charge Launcher,domhist_phase_depth_charge_wpn,,,,20,,300,0,10,,,,,,ENERGY,0,,0,1,1,,360,360,0,0,,10,,,30,,,SYSTEM,,,Albion Transport Commission,,Depth Charge,,,,,,,,,,80051
,,,,,,,,,,,,,,,,,,,,,,,,,,,,,,,,,,,,,,,,,,,,,,,,
# [ Dummy Weapons ],,,,,,,,,,,,,,,,,,,,,,,,,,,,,,,,,,,,,,,,,,,,,,,,
Colonnade MIRV Dummy,domhist_colonnade_dummy,0,,1000,1200,,200,,10,10,,,,,HIGH_EXPLOSIVE,0,,0,0.5,1,,0,0,0,0,,170,20,2.5,100,,,SYSTEM,,,Albion Transport Commission,,MIRV Dummy,,,,,,,,,,80052
Rocket Mirv Dummy,domhist_rktmirv_dummy,0,,100,1500,,160,,5,0,,,,,HIGH_EXPLOSIVE,0,,0,1,1,,0,0,0,0,,400,50,3.75,50,,,"SYSTEM, DIRECT_AIM, MISSILE_SPREAD",,,Albion Transport Commission,,MIRV Dummy,,,,,,,,,,80053
Eel Deployer,domhist_rktmirv_deployer,0,,100,1500,,800,,15,20,,,,,HIGH_EXPLOSIVE,0,,0,1,1,,0,0,0,0,,1,10,2,150,,,"SYSTEM, DIRECT_AIM, MISSILE_SPREAD",,,Albion Transport Commission,,Burst Dummy,Medium,Medium,,,,,,,,80054
Semaphore Pellet Dummy,domhist_semaphore_dummy,0,,100,300,,15,,1,75,,,,,FRAGMENTATION,0,,0,0.05,,,0,0,0,0,,800,,,5,,,"SYSTEM, PD",,,Albion Transport Commission,,Shotgun Dummy,,,,,,,,,,80055
Heavy Semaphore Pellet Dummy,domhist_semaphore_dummy_h,0,,100,350,,15,,1,75,,,,,FRAGMENTATION,0,,0,0.05,,,0,0,0,0,,800,,,5,,,"SYSTEM, PD",,,Albion Transport Commission,,Shotgun Dummy,,,,,,,,,,80055.1
Light Semaphore Pellet Dummy,domhist_semaphore_dummy_f,0,,100,320,,10,,1,100,,,,,FRAGMENTATION,0,,0,0.05,,,0,0,0,0,,800,,,5,,,"SYSTEM, PD",,,Albion Transport Commission,,Shotgun Dummy,,,,,,,,,,80055.2
Channel Cluster Dummy,domhist_channel_cluster_dummy,0,,1000,4,,400,,10,10,,,,,ENERGY,0,,0,0.5,1,,0,0,0,0,,11,,,10,,,SYSTEM,,,Albion Transport Commission,,Detonation Dummy,,,,,,,,,,80056
Sunder Missile,domhist_sunder_missile,0,,1000,1500,,400,,20,10,,,,,KINETIC,0,,0,0.5,1,,5,5,0,0,,600,10,3,200,,,"SYSTEM, MISSILE_SPREAD",,,Albion Transport Commission,,Second Stage Thing,,,,,,,,,,80057
Teacup Missile,domhist_teacup_missile,0,,1000,900,,150,,10,10,,,,,KINETIC,0,,0,0.5,1,,5,5,0,0,,600,10,2,100,,,"SYSTEM, MISSILE_SPREAD",,,Albion Transport Commission,,Second Stage Thing,,,,,,,,,,80058
Jubilee Dummy 1,domhist_jubilee_dummy_1,0,,10000,860,,150,,8,15,,,,,FRAGMENTATION,0,,0,1,1,,0,0,0,0,,565,,,10,,,SYSTEM,,,Albion Transport Commission,,Shotgun Dummy,,,,,,,,,,80059
Jubilee Dummy 2,domhist_jubilee_dummy_2,0,,10000,820,,150,,8,15,,,,,FRAGMENTATION,0,,0,1,1,,0,0,0,0,,535,,,10,,,SYSTEM,,,Albion Transport Commission,,Shotgun Dummy,,,,,,,,,,80059.1
Jubilee Dummy 3,domhist_jubilee_dummy_3,0,,10000,780,,150,,8,15,,,,,FRAGMENTATION,0,,0,1,1,,0,0,0,0,,510,,,10,,,SYSTEM,,,Albion Transport Commission,,Shotgun Dummy,,,,,,,,,,80059.2