{
 "id": "domhist",
 "name": "Domain Historical Society",
 "author": "Gwen + Amazigh + Vayra",

 "version": "0.3a",
 "description": "Bakerloo. Art and Concept by Gwen, Core Implementation/Scripting by Amazigh, Scripting support by Vayra",
 "gameVersion": "0.95.1a-RC6",

 "jars":["jars/Domhist.jar"],
 "modPlugin":"data.scripts.domhist_ModPlugin",

 "totalConversion": "false",
 "utility": "false",

 "dependencies": [
  {"id": "lw_lazylib", "name": "LazyLib"},
  {"id": "MagicLib","name": "MagicLib"},
 ],
}