id,type,text1,text2,text3,text4,notes
# Fighters,,,,,,
domhist_siding,SHIP,"A decently durable light fighter with limited offensive capability, mainly existing to soak up fire for more valuable strike craft supporting it. While it hasn’t quite gained as poor reputation as the talon, DHS carrier commanders seem to be working to rectify that.",,,,
domhist_turntable,SHIP,"Durable, but slow and short ranged, the Turntable is exceptional at tearing through enemy fighter craft and providing constant pressure to larger enemy ships via its fishplate chaingun.",,,,
domhist_junction,SHIP,"A blisteringly fast interceptor primarily designed for taking out enemy bombers and frigates using its headshunt rifle. Compared to other interceptors however, it struggles when dealing with enemy missiles due to the low fire rate of its weapons.",,,,
domhist_stop,SHIP,"A simple, two seat bomber armed with a single Collonade heavy rocket, groups of them perform effectively against targets large and small. Furthermore, its respectable armour plating allows it to fly through light point defence firepower with only superficial damage.",,,,
domhist_crossing,SHIP,"Surprisingly modern for the DHS, the Crossing toes the line between fighter and bomber with an impressive chemical laser as its weapon: capable of cutting through most cruiser grade armour while still maintaining the precision to swat other strikecraft, its an impressively versatile craft.",,,,
domhist_ticketmaster,SHIP,"Slow and bad-tempered, the three-man Ticketmaster is the heaviest strike craft fielded by the DHS. Generally acting more in a defensive and support role, the missile boat makes use of its four ticketer tubes to harass ships from far longer distances than its contemporaries, while the scattergun turret wards interceptors away.",,,,
,,,,,,
# Frigates,,,,,,
domhist_kenton,SHIP,"A design that takes DNA from the Hound-class, the Kenton is a blisteringly fast, atmosphere capable heavy shuttle. Thick armour, a solid logistical profile and rather comfortable crew quarters make it a mainstay of smaller DHS transport fleets, particularly those ferrying VIPs about the Albion system.

These benefits do come at a cost however: the Kenton lacks a shield generator, possesses a rather anemic armament, and is more difficult to modify than ships of similar tonnage. When pressed into combat service, the Kenton is generally used as a scout and troopship, rarely engaging enemy ships directly.",,,,
domhist_wealdstone,SHIP,"A mess of ammo loaders, maneuvering thrusters and as thick armour as is possible on a frigate, the Wealdstone is despised by its crews for its cramped interior and lack of amenities. It's not uncommon for a DHS officer to punish delinquent crews with shifts aboard a Wealdstone, although often, such actions only exacerbate the behaviors they’re supposed to prevent.

Despite its poor reputation among those who crew it, the ship performs admirably in combat. Its ‘coke burn’ engine override system grants exceptional mobility for a ship as heavily armoured as it, and while its weaponry isn’t exceptional, it often gets the job done when trading blows with the smaller pirate craft it's often faced with.",,,,
domhist_stonebridge,SHIP,"An early Core Epoch design that was discontinued in favour of the Vigilance class, the Stonebridge has been revived by the DHS and pressed back into service. More ballistically oriented than its competitor, the Stonebridge relies on a pair of integral mortars as a solid basis for its firepower. Although said mortars were originally considered too weak to be of use against the well armoured designs of later mastery and early core epoch ships, the eventual shift to softer hulls and stronger shields has helped revitalise their effectiveness.

To support its weaponry, the Stonebridge is able to shunt power to its targeting systems, allowing it to engage targets at a greater range, although this comes at the cost of dramatically reducing top speed, and rendering the ship’s shields inoperable for the duration this shunt is active.",,,,
domhist_oxford_circus,SHIP,"One of the more sophisticated ships in the DHS catalogue, the Oxford Circus squeezes in a powerful flux core, high spec engines and an expansive weapon array into the compact profile of a frigate. To complete the package, a miniaturised form of the Charing Cross’ Z pulse battery sits inside the warship, further bolstering its defensive ability.

Seeing the Oxford Circus in battle, one might question why the ship isn’t more common in the sector. The simple truth is, despite its effectiveness on the battlefield, its horribly cramped internals mean both crewmen and maintenance workers despise it. Inventories of the ships sat mothballed, while cheaper, more reliable craft were used in their stead.

One such cache of the mothballed ships was discovered by DHS explorers and, lacking a suitable ship to accompany harrow destroyers in their fast picket fleets, the Society folded the craft into their forces. Oxford Circus crews and captains are some of the youngest in the DHS navy, since the older staff refuse to crew such poorly furnished ships.",,,,
,,,,,,
# Destroyers,,,,,,
domhist_harrow,SHIP,"A versatile, well armed and perhaps most importantly, fast destroyer, the Harrow has a vital role in DHS fleets as leaders of anti-piracy and anti-pather fast pickets. Few ships are able to match the Harrow’s impressive speed, and those that can are still forced to deal with its solid weapon loadout and layered armour.

While the Enforcer is still a mainstay of DHS fleet composition, the Harrow plays a vital role as a pursuit vehicle and picket ship, seeing service in everything from the smallest patrol group to the largest of battle fleets. While its limited armament does become more apparent in larger battles, its mix of speed and durability still allows it to be a grating nuisance to enemy capital ships. Pirate captains of weaponised atlases in particular, view the ship with disdain, and often end up leaving their capital exposed to more pressing threats so they can better wipe out a flanking Harrow.",,,,
domhist_harlesden,SHIP,"A simple, logistically undemanding light carrier, the Harlesden is the primary hull the DHS fields fighters with. Although it lacks ship systems which directly improve the performance of its fighters, the integral ‘Ticket Puncher’ Siege Launcher can provide a bit of extra firepower to go alongside the lighter weaponry of the strike craft it services.

Rather oddly, the DHS doesn’t field condor-class light carriers at all. While officially, this is stated to be due to the Condor’s ‘mediocre’ combat performance, the Harlesden isn’t much more impressive. What’s more likely is simply a lack of Tarsus hulls to convert into condors, as the DHS much prefers the well armoured freighter over the more modern Buffalo class, resulting in the need for the Harlesden to be pushed into service.",,,,
domhist_edgeware,SHIP,"Often referred to as a ‘Baby Mora’, the edgeware is a combination of solid missile capacity, a single fighter deck and robust communication systems, all wrapped in monstrously thick armour plating, leading the ship to often be at the vanguard of DHS fleets, soaking up fire, blocking enemy fighters from engaging, and delivering killing blows via volleys of heavy torpedoes.

One begins to wonder why the Edgeware, with its ease of construction and maintenance, wouldn't be more common across the sector, particularly among the less wealthy groups such as the Church of Galactic Redemption and the various independent groups. The truth is that the only known blueprint in the sector was discovered within the ruins of Morgan, and the DHS has kept these schematics a closely guarded secret, even from the Hegemony.",,,,
domhist_mule_dh,SHIP,"Modified by the DHS to support scientific exploration, the Albion Mule is a civilianised variant, with thinner armour plating and trimmed down systems, although in return, the extra space has been used to expand the shuttle bay into something that can service larger science vessels, or even smaller fighter craft. A fair section of the cargo bay has also been remodelled into additional berthing and laboratory space for the academicians using the ship.",,,,
domhist_sunder_dh,SHIP,"At a distance, the Albion Sunder appears similar to its more common cousin: A sleek, thin profile with an energy core feeding a powerful array of energy weapons. On closer inspection, the thicker armour becomes apparent, as does the weapon layout: Rather than three energy weapons, a single ‘Teakettle’ Chemical Laser sits at the prow while a curiously advanced ‘Timetable’ mine launcher sits at the aft.",,,,
domhist_enforcer_dh,SHIP,"The ill-fated core epoch refit of the venerable enforcer chassis. Boasting improved speed and manoeuvrability over the mastery era design, as well as better sustained missile capabilities, the ship was considered subpar and superfluous when compared to the triumvirate of sunder, hammerhead and drover. Now it only exists in service of the DHS as an awkward but competent multirole vessel.",,,,
,,,,,,
# Cruisers,,,,,,
domhist_wembley,SHIP,"A Light Cruiser design predating the Falcon, developed at the tail end of the mastery epoch, as a potential replacement to the Dominator, relying much more on speed and maneuverability to strike down its targets, rather than the overwhelming firepower that was standard at the time. This proposal was mocked relentlessly, although the Wembley did end up being pressed into service in poorer sectors, mainly as a deterrent against rebellion.

The original design of the Wembley was even smaller than the one in service by the DHS. Although this reduced weight made it even more maneuverable, it lacked the speed to consider fielding over the heavier dominator. This was remedied by altering the ship to have an enormous spinal thruster, improving its mobility significantly without overly compromising its light weight. The one issue is that its central thruster is exceptionally vulnerable to salamanders and other engine-disabling weaponry.",,,,
domhist_wembleynorth,SHIP,"Ships fielded by the DHS are infamous for a lack of customizability compared to their peers. The Wembley isn’t an exception, however that didn’t stop enterprising engineers heavily modifying the base design by stripping out the front and centre, replacing it with systems copied from the Edgeware. Initially shunned as an insult to the original domain design, the North variant was reluctantly pushed into service when its effectiveness became apparent. Some captains even prefer it over the standard version.",,,,
domhist_kilburn,SHIP,"Unique among DHS ships by its rather unimpressive direct combat effectiveness, the Kilburn class is a master of large fleet combat, providing long range missile support as well as the curiously advanced ‘Chain Home’ targeting scanner, a system capable of revealing weak points in enemy ships at impressive ranges, and transmitting this data to allied ships.

The origins of the Kilburn are poorly known: a similar hull is present in Hegemony records although that design was apparently a much more standard heavy cruiser, mixing missile and ballistic armaments to act as a sturdy frontline combatant. Similarly, the Chain Home system is referenced, but was never integrated into an actual ship hull besides simple test frames. Persean League, Hegemony and even Tri-Tachyon have attempted to figure out the secrets behind the design, but the DHS has played its cards very close to the chest, and much of the data on the Kilburn remains a mystery.",,,,
domhist_falcon_dh,SHIP,"Contrary to most other factions within the sector, the Domain Historical Society uses a different model of Falcon, from the early Core Epoch. With a more ballistic-oriented loadout and thicker armour, at the cost of a smaller shield generator and less advanced internal systems, most Falcon crews are unsure what to make of the ship, although starfarers of the DHS swear by it, shunning the more advanced model.",,,,
domhist_charing_cross,SHIP,"The Domain Historical Society’s main ship of the line, sitting in an awkward spot between line cruiser and escort carrier, with a sluggishness closer to that of a battleship than anything else. Despite its shortcomings and confused identity, the wide firing arcs, thick plating and powerful Z pulse battery keep the ship relevant on modern battlefields. Crews of such ships tend to have an affinity with those of Kilburn and Edgeware-class ships, and a less than friendly rivalry with the ever common Wembleys.

The original design of the Charing Cross was proposed more as a heavy combat freighter than a dedicated combat ship. Partway through development however, the economics of bulk traders became apparent, and the engineering teams were hastily tasked with converting the bloated hull into a dedicated combat ship. Outlying cargo sections were welded into thicker armour, while the central bay was fitted with a massive autoloader suited to the largest of weapons, as well as facilities to launch and service a single wing of fighters.

The Z pulse battery was a later addition to the design: As flux cores became more powerful, and energy weapons more advanced, the additional output was put towards an energy pulse generator. With no space to install additional weapon mounts, the old flare launchers were modified to launch flux-conducting cables. Charged by the pulse and launched through the shield, the cords disintegrate into high energy arcs, striking anything in front of the ship.",,,,
,,,,,,
# Capitals,,,,,,
domhist_picadilly,SHIP,"A versatile ship blending elements of Battleship, Cruiser and Carrier into a single vessel, The Piccadilly is dubbed a ‘Heavy Battlecruiser’ by the DHS, and acts as the pinnacle of their military might. Curiously, it lacks any medium mountings whatsoever, but makes up for it with its expansive flight deck, pair of heavy ballistic mounts and impressively large integral ‘Ticket Puncher’ siege launcher, mounted on the Port side of the ship.

The founders of the DHS lacked any Capital blueprints when the organisation was originally formed, however techmining on Morgan eventually resulted in the discovery of the Piccadilly Heavy Battlecruiser. This design was hastily put together on the forges of Caledonia, and quickly became the mainstay of heavy system defence fleets, and more ‘persuasive’ anti piracy task forces. Its wide array of capabilities make it a feared combatant, although admittedly, its lacks the specialisation of many of its contemporaries.",,,,
domhist_paddington,SHIP,"A hulking wall of metal capable of a surprising turn of speed and agility, the Paddington battleship, along with Edgewares and Charing Crosses, forms the core of the hardy battlelines the DHS domestic fleets are known for. Quite uniquely for a ship of its class, the Paddington has almost equal firepower to its front and rear, making it much more effective against flanking frigates and destroyers, even if this comes at a cost to its ability to go toe to toe with the heaviest combatants of other factions.

Originating, like a number of DHS-used designs, from the odd period of military experimentation between the Mastery and Core epochs, the Paddington is regarded as an example of divergent evolution in ship design that was never really followed up on. With cruisers and carriers gaining more support among the domain military, the paddington was proposed as a sort of ‘movable cover’ for its allies, using its wide arcs and thick armour to help defend against flanks. These design requirements came at the cost of dedicated firepower however, and the total armament was considered too poor for military service.

Rather than completely scrap the project, flushing colossal amounts of money down the drain, it was instead marketed to civilian salvage and surveying companies as an ‘exploration command vessel’. The domain military’s poor appraisal meant it could technically be sold as a civilian ship, soon making its way into the hands of wealthy companies, happy to have borderline-military hardware at their fingertips. Not long after, the designs fell into the hands of just as happy anti-domain rebels. This arms leap led to a hard crackdown from on high, leading to the blueprints being seized and confiscated, with any copies being destroyed.

In the wake of the collapse, DHS data mining into domain records (supposedly using AI cores, but vigorously denied by the Society) managed to unearth the ancient design. Seeing the glut of classified records involving the craft, many of which catalogued defeats of the Domain, the blueprints were hastily installed into Caledonia’s database, and production fast-tracked. Not long after, the first of many Paddingtons, in DHS colours, was launched into space.",,,,
,,,,,,
# Weapons,,,,,,
domhist_headshunt,WEAPON,"A long barreled, rifled cannon firing slender rounds which cause significant spalling on impact, proving deadly to exposed hull and strike craft. Against armour and shields however, its rounds have a habit of shattering, resulting in rather poor performance.",General,,,
domhist_bofors_single,WEAPON,"Even lighter than the standard autocannons present throughout the sector, the bofors sacrifices the extra kick for improved accuracy and muzzle velocity, and the additional space freed up by shrinking the calibre down allows for more advanced targeting systems to be added, allowing for opportunistic targeting of missiles if need be.",Anti Shield,,,
domhist_semaphore,WEAPON,"An exceptionally cheap point defence weapon that spits out inaccurate volleys of hot metal fragments to intercept incoming ordnance. Ineffectual against most targets, including missiles, Semaphores only begin to show their worth when massed.",Point Defense,,,
domhist_sleeper,WEAPON,"A variant of the light mortar with greater range and muzzle velocity, but a smaller explosive charge. Often overlooked completely due to its low firepower, the Sleeper does have a purpose is tearing apart armour specifically: its specialised shaped charge warhead can soften up the outer shells of ships quite effectively, but has very unimpressive results against exposed hulls.",Anti Armor,,,
domhist_fishplate,WEAPON,"A fast firing rotary cannon with a particularly volatile ammo feed, resulting in it carpeting whatever it fires at in a cloud of explosions. It performs best against lighter ships and fighter craft, and can even be manually targeted to take out missiles.",Anti Armor,,,
domhist_bofors,WEAPON,"A dual-mount of the Bofors with a heavier mounting system, while lacking kick compared to more common autocannons it retains the accuracy and ability to fire on missiles if required that the smaller mount possesses.

Even lighter than the standard autocannons present throughout the sector, the bofors sacrifices the extra kick for improved accuracy and muzzle velocity, and the additional space freed up by shrinking the calibre down allows for more advanced targeting systems to be added, allowing for opportunistic targeting of missiles if need be.",Anti Shield,,,
domhist_wye_rotary,WEAPON,"A massive rotary cannon firing exceptionally powerful shells at a decent rate of fire. This otherwise excellent weapon is held back by a cut-rate autoloader, resulting in fire rate plummeting after only a brief period of sustained shooting.",Anti Armor,,,
domhist_gangnail,WEAPON,"A rail cannon firing rods of tungsten with even more power than the famed gauss cannon with improved efficiency. Unfortunately, a lack of projectile stabilisation results in the round disintegrating shortly after leaving the barrel, severely hampering range.",Anti Shield,,,
domhist_whistle,WEAPON,"An externally fed chemical laser, the Whistle burns through single tanks of fuel to release a rather impressive beam of energy for its cost. This does result in a limit to the amount of ammunition that can be loaded at once, but this is also a benefit, as the loading system makes it quite easy to attach it mounts that can usually only handle ballistic weapons.",Strike,,,
domhist_gauger,WEAPON,"An oversized, overclocked industrial cutting laser. Cheap and easy to build, maintain and repair, the Gauger unfortunately suffers from the fact that it wasn’t designed for combat, and has poor range and efficiency. Nevertheless, it has no problem cutting through armour when it does get into range.",General,,,
domhist_overhead,WEAPON,"An antique EMP weapon with rather unimpressive performance compared to more modern examples, it does at least have the benefit of being rather easy to integrate into a ship, due to its simple construction.",Suppression,,,
domhist_rktmirv_s,WEAPON,"An ungainly looking missile with surprisingly good performance, the eel tin is effectively a guided rocket pod, flying close to its target before releasing its payload, making it far more difficult to avoid than, say, an annihilator rocket pod. This configuration does mean fewer rockets can be stored than in an unguided launcher.

This mount can only carry a single missile.",Anti Armor,,,
domhist_rktmirv,WEAPON,"An ungainly looking missile with surprisingly good performance, the eel tin is effectively a guided rocket pod, flying close to its target before releasing its payload, making it far more difficult to avoid than, say, an annihilator rocket pod. This configuration does mean fewer rockets can be stored than in an unguided launcher.",Anti Armor,,,
domhist_colonnade,WEAPON,"A heavy cluster rocket, sitting somewhere between a more standard rocket and a torpedo, weight wise, the Colonnade proves to be particularly adept against ships without explosive point defence solutions, as PD lasers are rarely able to intercept every submunition before they connect.",Anti Armor,,,
domhist_nuketorp_pod,WEAPON,"An outdated, incredibly bulky nuclear torpedo that remains relevant solely due to the eye watering potency of its payload. Even so, it tends to be outperformed in raw destructive power by the more compact and modern Reaper Torpedo.",Torpedo,,,
domhist_rktmirv_pod,WEAPON,"An ungainly looking missile with surprisingly good performance, the eel tin is effectively a guided rocket pod, flying close to its target before releasing its payload, making it far more difficult to avoid than, say, an annihilator rocket pod. This configuration does mean fewer rockets can be stored than in an unguided launcher.

The large mount size allows for an extended rack of ammunition to be stored below deck. An autoloader extracts, arms and primes the next salvo of missiles after a short wait.",Anti Armor,,,
domhist_ticket_puncher,WEAPON,"Classified as a ‘Siege Launcher’, the ticket puncher fires an inaccurate volley of powerful fragmentation missiles from a long distance, applying constant pressure which can eventually tear apart the hull of its targets once shields and armour have been cleared out of the way.",Suppression,,,
domhist_fishplate_f,WEAPON,"A fast firing rotary cannon with a particularly volatile ammo feed, resulting in it carpeting whatever it fires at in a cloud of explosions. It performs best against lighter ships and fighter craft, and can even be manually targeted to take out missiles. The compact nature of this fighter mounted version of the Fishplate means that it is loaded from smaller clips of ammo rather than a single uninterrupted belt, this results in notable decrease in fire rate after the first few bursts.",Anti Armor,,,
domhist_colonnade_f,WEAPON,"A heavy cluster rocket, sitting somewhere between a more standard rocket and a torpedo, weight wise, the Colonnade proves to be particularly adept against ships without explosive point defence solutions, as PD lasers are rarely able to intercept every submunition before they connect.",Torpedo,,,
domhist_stonebridge_gun,WEAPON,"A large but uncomplicated gun designed specifically to fit into the front prongs of the stonebridge frigate, the Neasden fires thick fragmentation shells that detonate into wide clouds of debris, scouring the area of effect clean of targets. Against heavy armour, it does little more than scratch the paint job, but eventually, it's able to eat through to the hull and tear its target asunder.",General,,,
domhist_ticket_puncher_i,WEAPON,"Classified as a ‘Siege Launcher’, the ticket puncher fires an inaccurate volley of powerful fragmentation missiles from a long distance, applying constant pressure which can eventually tear apart the hull of its targets once shields and armour have been cleared out of the way.",Suppression,,,
domhist_ticket_puncher_i_h,WEAPON,"Classified as a ‘Siege Launcher’, the ticket puncher fires an inaccurate volley of powerful fragmentation missiles from a long distance, applying constant pressure which can eventually tear apart the hull of its targets once shields and armour have been cleared out of the way.",Suppression,,,
domhist_whistle_f,WEAPON,"An externally fed chemical laser, the Whistle burns through single tanks of fuel to release a rather impressive beam of energy for its cost. This fighter mounted variant uses much smaller fuel tanks than the standard version, resulting in a decrease in damage output.",Strike,,,
domhist_headshunt_f,WEAPON,"A long barreled, rifled cannon firing slender rounds which cause significant spalling on impact, proving deadly to exposed hull and strike craft. Against armour and shields however, its rounds have a habit of shattering, resulting in rather poor performance. This Fighter variant fires slightly lower caliber rounds, but has a proportionally higher rate of fire.",General,,,
,,,,,,
domhist_semaphore_heavy,WEAPON,"Following the proposed doctrine of massed Semaphore to create an effective point defence screen, it was only a matter of time before an upsized, multi-barrel variant would appear. With the same low-impact canister rounds and laughable accuracy, the heavy scattercannon falls behind its competitors in all aspects save for price.",,,,
domhist_sleeper_heavy,WEAPON,"A development from the original sleeper cannon, the howitzer uses the much larger calibre of its larger mounting partially for more explosive charge, and partially to implement an even more advanced shaping system into the shells. The armour penetration of the weapon per shot is as impressive as its lack of effectiveness against exposed hull, due to quirks with the explosive.",,,,
domhist_sardine,WEAPON,"A ‘failed’ weapon program, dug up and pressed into service by the DHS to outfit their fleets with better standoff anti-shield weaponry. While the exterior of the Sardine rocket appears fairly crude, an advanced gravitic drive sits in front of the thruster, imparting additional kinetic energy into the hardened projectile. Unfortunately, a quirk in the drive results in the rockets to veer wildly off course shortly after exiting the launcher, making them ineffective against smaller targets.

This small launcher fires large bursts of rockets, offering effective target saturation.",,,,
domhist_sardine_pod,WEAPON,"A ‘failed’ weapon program, dug up and pressed into service by the DHS to outfit their fleets with better standoff anti-shield weaponry. While the exterior of the Sardine rocket appears fairly crude, an advanced gravitic drive sits in front of the thruster, imparting additional kinetic energy into the hardened projectile. Unfortunately, a quirk in the drive results in the rockets to veer wildly off course shortly after exiting the launcher, making them ineffective against smaller targets.

This pod mounting rapidly fires small bursts of rockets, giving effective sustained pressure.",,,,
domhist_sunder_chem_laser,WEAPON,"The primary weapon of the Albion Transport Commission’s sunder variant, the Teakettle is an impressive two-stage energy weapon: First, volatile fuel is pumped into the reaction chamber creating a focused, linear detonation capable of sundering the thickest of armour. Second, the remaining dregs of fuel in the tank are ignited, sending the hardened vessel at the target as an improvised, kinetic torpedo. A new tank is loaded and the process is repeated.",,,,
domhist_teacup_chem_laser,WEAPON,"Aside from a documentation filled with the despairing cries of Domain weapon engineers forced to miniaturise the Teakettle, the Teapot is quite a solid weapon (while it works). Using the same principle as its larger cousin, the Teakettle struggles with heat dispersal, resulting in repeat firing damaging the weapon beyond repair. This ‘quirk’ makes the weapon more suited to hangar queen strike craft than proper warships.",,,,
domhist_ticketer_tubes,WEAPON,"A single tube version of the Ticket Puncher, designed for the Ticketmaster missile boat. Containing the same fragmentation warhead as the multi-tube variants, the weapon performs best when supported with kinetic and explosive fire from other sources: either other fightercraft, or ordnance from the mothership itself.",,,,
domhist_semaphore_f,WEAPON,"An exceptionally cheap point defence weapon that spits out inaccurate volleys of hot metal fragments to intercept incoming ordnance. Ineffectual against most targets, including missiles, Semaphores only begin to show their worth when massed. This fighter mounted variant fires lighter rounds, but at an increased rate of fire.",,,,
domhist_jubilee,WEAPON,"A turret of staggering size built specifically as the primary weapon for the Paddington class battleship. Developed from the learnings of the Neasden Mortar project, the Jubilee uses the much larger platform not only to improve the destructive power of the round, but also reinforce the barrel. This allows the entire shell to detonate from within the barrel, sending a wave of massive fragments towards the target, with a larger, superheated projectile at the centre of it improving the performance against both shields and armour compared to its puny predecessor.",,,,
domhist_channel_tunnel,WEAPON,"A heavily armoured missile silo containing a small arsenal of nuclear warheads. The Silo is set apart from the smaller launcher not only by capacity, but also by the integrated targeting system. While there’s no additional destructive power, the targeting system affords the torpedoes far better tracking and speed compared to unsupported versions",,,,
,,,,,,
# Ship Systems,,,,,,
domhist_ParadeBurn,SHIP_SYSTEM,"Temporarily engages a primary burn on the system travel drive of the ship. Provides a massive speed boost for a fixed time while deploying flares, at the expense of being able to use shields. The ship runs the risk of full engine flameout on any significant collision.",Movement,Provides a massive speed boost while deploying flares at the expense of being unable to use shields. Collisions can cause a flameout while the system is active.,,
domhist_ballconductor,SHIP_SYSTEM,Diverts power from shields and the main drive to improve ship turn rate and weapons range.,Offensive,Diverts power from shields and the main drive to improve ship turn rate and weapons range.,,
domhist_VayraScreeningFormation,SHIP_SYSTEM,"Reduces fighter engagement range by 75%, but halves fighter damage taken and doubles damage dealt to enemy fighters and missiles.",Fighter,Greatly increases fighter durability and interception performance at the cost of engagement range.,,
domhist_combatflares,SHIP_SYSTEM,Launches explosive flares that distract the guidance systems of incoming missiles and PD weapons. The flares also track and seek down missiles.,Defensive,Launches explosive flares that confuse the guidance systems of nearby enemy missiles. The flares are fast and actively track missiles.,,
domhist_combatflares_reload,SHIP_SYSTEM,Launches explosive flares that distract the guidance systems of incoming missiles and PD weapons. The flares also track and seek down missiles. Slowly regenerates charges.,Defensive,Launches explosive flares that confuse the guidance systems of nearby enemy missiles. The flares are fast and actively track missiles. Slowly regenerates charges.,,
domhist_CokeBurn,SHIP_SYSTEM,Engages a short burst of rapid accleration and increased top speed.,Movement,Engages a short burst of rapid accleration and increased top speed.,,
domhist_ChainHome,SHIP_SYSTEM,"Shuts down shields to divert power to a frontal scanning array, all enemies within 2000 range that are in the ships frontal arc will take 40% increased damage while the system is active. Power is also partially diverted from weapons, reducing Ballistic + Missile RoF and Energy Weapon Damage by 50%.",Offensive,"All enemies within 2000 range in the ships frontal arc take 40% increased damage. Diverts power, disabling Shields and reducing Ballistic + Missile RoF and Energy Weapon Damage by 50%.",,
domhist_phase_charge_strike,SHIP_SYSTEM,"Teleports 4 ‘Timetable’ mines around the target, each dealing 300 Energy damage. The P-Space distortions generated by the detonation of each mine causes any nearby phased ships to generate 600 Hard Flux. Stores multiple charges.",Offensive,"Teleports 4 ‘Timetable’ mines around the target, each dealing 300 Energy damage. The P-Space distortions generated by the detonation of each mine causes any nearby phased ships to generate 600 Hard Flux. Stores multiple charges.",4 | 300 Energy | 600 Hard Flux,
domhist_charing_pulse,SHIP_SYSTEM,"Rapidly deploys the ships shield and activates an energy pulse generator, increasing efficiency and releasing a burst of EMP arcs. Then secondary venting systems activate and dissipate up to 1500 flux.",Defensive,"Rapidly deploys the ships shield and activates an energy pulse generator, increasing efficiency and releasing a burst of EMP arcs. Then secondary venting systems activate and dissipate up to 1500 flux.",1500,
,,,,,,
,,,,,,
# Planet Descriptions,,,,,,
domhist_planet_camelot,CUSTOM,"Jewel of the Avalon system (relatively), Camelot is the main population of the Domain Historical Society. While technically habitable, the surface is unpleasant, with much of the planet locked in a near constant monsoon and the atmosphere so clogged with moisture that filter masks are needed to survive outdoors. Scatterings of agricultural zones exist around the warm yellow glow of the small cities that dot its surface, and shuttles are regularly seen entering orbit from the surface spaceports.",,"Camelot’s initial development by the Domain was as a stepping off point and logistical hub for more profitable developments further out into the sector. Although now under the purview of the DHS, its role remains quite similar. From orbit, the population centres appear bloated from vast warehouse complexes, and a motley combination of DHS surveyors, Hegemony supply craft and independent trade ships orbit the planet like a particularly grimy necklace.",,
domhist_station_round_table,CUSTOM,"The administrative centre of the Domain Historical Society, The Round table houses the oldest members of the faction, the Historical Domain University and a number of corporate headquarters for the salvaging companies that round out the society’s leadership.",,"One of the oldest permanent structures in the system, the Round Table began life as a waystation to help service planetside colonisation efforts. As the food production of Camelot became more vital to the functioning of surrounding colonies, the station was militarised and expanded, however the original (and heavily scarred) core is still visible from the outside, bearing the roundel of the old Domain.",,
domhist_planet_goemagot,CUSTOM,"Surrounded by decaying domain ruins, Goëmagot houses the main military base of the DHS. The combination of poorly mapped ruins, horrendous weather and an eye watering amount of surface to orbit weaponry, the Gas Giant has been converted into a veritable fortress, ensuring that there’s almost always a sizable patrol guarding the system.",,"A crisscross of structures, impossible to replicate with existing technology in the sector, Goëmagot is a fortress without equal. Of course, its construction came with massive costs, and the project wasn’t completed even during the Domain’s control of the sector. Despite this it acted, and continues to act, as an impressive show of force, dissuading rebels and pirates from taking any action in the system beyond low profile smuggling.",,
domhist_planet_caledonia,CUSTOM,"Covered with decaying factories, Caledonia is the horrific result of a malfunctioning nanoforge considered too valuable to disable. Its atmosphere is choked so heavily with pollutants that even exposing skin can prove lethal after a short time. Despite the risk of living on the planet, it supports a medium population of unfortunate labourers tasked with maintaining as much of the uncontrollable industrial sprawl as they can, to continue providing fresh hulls to the society.",,"A grim reminder of the fall of the Domain, Caledonia was hit particularly hard in the wake of the gate failure: An especially violent pirate raid disabled the spaceport, resulting in especially strict rationing upon the planet’s surface. The grim conditions eventually resulted in rebellion, the collateral damage of which damaged the nanoforge to the point of severe corruption, drowning the atmosphere in unbreathable smog. By the time the spaceport was repaired, Caledonia’s population was dead, but the desperate need for heavy industry led to a rapid recolonisation initiative by the DHS, using a mix of hazard pay and imported Hegemony (and supposedly, Sindrian) chain gangs.",,
domhist_station_merlin,CUSTOM,"A small Hegemony station, acting both as a supply post for hegemony convoys and an enclave in DHS territory to help further relations. While its population remains low, the station is rather well armed, prompting a degree of suspicion from the denizens of Albion.",,"Merlin was first built to help control the population of Albion when it became apparent just how long the Goëmagot project would take; the station is compact and spartan, but well equipped, and surrounded by supplementary docking bays to service cruisers and the occasional battleship that would struggle to fit the station proper. Now technically an embassy, the military traffic spells out quite clearly that Merlin exists to ensure Hegemony interests.",,
domhist_planet_armorica,CUSTOM,"Just barely considered habitable, Armorica is the main source of minerals for the DHS, and is often surrounded by fleets of Tarsuses and Colossi loading up for the journey back to Caledonia to process their cargoes of ore. The single city of the planet, also named Armorica, is visible from orbit, and the nearby spaceport sends up a constant stream of high capacity cargo rockets.",,"As unpleasant up close as it is far away: The grimy, grey-brown planet is matched by the grimy, grey-brown cargo vessels buzzing around it like flies. The only feature that made the planet attractive to set up as a mining operation when the sector was colonised was the low gravity, making surface to orbit trips far more economical. Even then, a good portion of the miners arrived post collapse, refugees from planets further out that were even worse at supporting life. As a result, Armorica has a reputation for crime and poverty.",,
domhist_station_constantine,CUSTOM,"A grizzled military base, pockmarked with scars of weapon fire from the frequent clashes with the local Persean population, Constantine is considered by some to be the true crucible for the DHS’ military forces. The Local population is particularly xenophobic, and even supply fleets often go through the unpleasant procedure of the station training guns on them.",,"Constantine has had a particular turbulent past, being host to a variety of warlords post collapse, controlling the system with an iron grip. The latest chapter in its history was a battle between the Persean League and the DHS for control over it, and with it, a large portion of commerce. Persean reliance on Tri-Tachyon support which never showed led to the DHS winning the conflict, and the battered space station continues to exert their influence to this day.",,
domhist_planet_badon,CUSTOM,"While technically considered its own polity, increased military buildup over the cycles has resulted in Badon being viewed more as a subsidiary of Kazeron. Its watery surface is dotted with the unmistakable black spots of heavy surface to orbit battery platforms, and rather heavily escorted ‘merchant’ fleets frequent the planet, often coming to blows with DHS forces en route.",,"Sometimes just referred to as ‘The Egg’, Badon’s high sulphur content in the water makes it one of the most unpleasant habitable planets across the whole sector. Try as they might, the floating cities across it can’t quite keep out the smell; merchant, or indeed any, visits are kept short when they happen at all. If that weren’t the case, Badon may have ended up an important member of the Persean league. As it is, they’re closer to an arm of Kazeron, flexing at the surrounding planets.",,
domhist_planet_pleumeur-bodou,CUSTOM,"An insular polity eking out a humble life on the hazardous surface of the planet, the people of Pleumeur-Bodou are majority Luddic, although the presence of both the Persean League and the DHS means the planet remains independent from the CoGR. Rather impressively, the local population have managed to convert the sparse domain ruins into sizable hydroponics arrays, resulting in a decent market exporting food to the surrounding planets in the system.",,"The pleasant sparkle of lights visible from orbit belies the nightmarish conditions on the surface of Pleumeur-Bodou. Biting cold, poor light and regular tectonic activity, along with the fact that the only useful resources of the planet are underground meant the population had to follow suit. Within the grey, windowless tunnels, the only point of hope were hydroponic arrays grafted together from domain refuse. With that tiny flicker of green light, all it took was a charismatic Luddic preacher with a mind more open than most to carve out her own sect of the Church, taking much of the population under its wing. Distance and system hostility to the faith is the only thing blocking official recognition as a CoGR state.",,
domhist_planet_morgan,CUSTOM,"Initially thought to be an anomaly by initial reports, Morgan is in fact a real terran-eccentric world in a system without a sun. How such a place came to be still perplexes academics, and Morgan maintains a small population primarily made up of academicians from the Galatia Academy and the Historical Domain university, as well as a small group of DHS custodians watching over the vast ruins that cover its surface.",,"A rippling, multicoloured field surrounds the planet of Morgan like a thick blanket, warming the planet not just to the point of survivability, but comfort as well. The small population of scientists and tourists remain as confused as the initial domain surveyors as to the existence of the planet. The only exports from the planet are esoteric readings of the soil and atmosphere, to be sent to universities across the sector for further study.",,
domhist_station_lady_of_the_lake,CUSTOM,"A great curiosity, the Lady of the Lake is a Domain Survey Ship aligned with the DHS that still produces small fleets of armed survey drones to grant safe passage to convoys that frequent the system. Being allies of the DHS, the Hegemony has elected not to intervene in this case, particularly since the Lady assists in keeping Avalon’s local pirate population down.",,"The ancient Domain mothership looms in the darkness of space, a monolith to a bygone civilisation. The only signs of life are the small, shifting forms of survey drones tending to the massive structure, with one occasionally breaking off to monitor your fleet for hostile activity, before returning to the hive.",,
domhist_station_annwyn_mob,CUSTOM,"A vicious pirate band supposedly originating from the fragments of Loke’s fleet after Kanta’s betrayal. The Lady prevents the mob from threatening Morgan to a great degree, however it still acts as a solid staging ground for raids into other systems in core space.",,"An impressively ugly station with a core made from a defence platform, and in true pirate fashion, built out with no regard to safety or engineering standards. Aside from the thick coat of graffiti and cloud of trash orbiting the station, the most eye-watering feature is the diabolical, jury-rigged fuel production facility. A dangling, bright orange tumour made up of a pair of prometheus tankers hacked together and studded with the corpses of lesser ships to provide the pirates of the sector with a substance that just about manages to be considered AM fuel.",,
,,,,,,
# Faction Description,,,,,,
domhist,FACTION,"The brainchild of an egomaniacal Domain trillionaire: Hanham Norwood, the Domain Historical Society is a few steps removed from a cult to the old world order that existed pre-collapse. Functionally a gerontocracy, the ruling members of the society are handpicked by Norwood himself, with seniority and lived experience of the old domain as the prime traits indicating fitness for leadership. While some consider the DHS to be little more than an arm of the Hegemony, the society claims its approach is more forward-thinking, preserving not only domain law, but culture and history, too.

Beyond the central ruling council of geriatrics, a mix of scientists and salvage company moguls round out the most prominent individuals of the DHS. Scientists are vital for re-learning and cataloguing lost knowledge, as well as maintaining the ever more esoteric life support systems found further up the chain of command, while salvagers procure rare domain technologies to keep them out of the hands of what the society considers to be ‘less civilised’ polities.",,,,